Country Name,1990 [YR1990],2000 [YR2000],2012 [YR2012],2013 [YR2013],2014 [YR2014],2015 [YR2015],2016 [YR2016],2017 [YR2017],2018 [YR2018],2019 [YR2019],2020 [YR2020],2021 [YR2021]
Afghanistan,..,..,663.1410528,651.9878619,628.1468039,592.4765375,520.252064,530.1498308,502.0567706,500.5226641,516.8665522,368.7546142
Albania,617.2304355,1126.68334,4247.630047,4413.062005,4578.633208,3952.802538,4124.05539,4531.019374,5287.663694,5396.215864,5332.160475,6492.872012
Algeria,2431.553531,1780.375874,5610.730894,5519.777576,5516.230604,4197.421361,3967.199451,4134.93672,4171.795011,4022.150184,3337.252512,3690.627878
American Samoa,..,..,11920.06109,12038.87159,12313.99736,13101.54182,13300.82461,12372.88478,13195.9359,13672.57666,15501.52634,15743.31076
Andorra,19209.77584,21620.48502,44904.58004,44750.43568,45682.24623,38885.37601,39932.16449,40632.48439,42903.44358,41327.50203,37207.49386,42137.32727
Angola,949.2863813,556.8842437,4962.552072,5101.983876,5059.080441,3100.830685,1709.515534,2283.214233,2487.500996,2142.238757,1603.993477,1953.533757
Antigua and Barbuda,7255.406303,11010.19746,13686.47659,13350.14914,14004.81121,14861.88271,15862.65166,16110.55628,17527.16963,18319.45605,14787.63578,15781.3957
Argentina,4330.959441,7666.517834,13082.66433,13080.25473,12334.79825,13789.06042,12790.24247,14613.04182,11795.15939,9963.672506,8496.424142,10636.1202
Armenia,634.5604133,603.2980252,3643.715183,3833.157532,4017.229808,3666.141876,3679.951972,4041.995021,4391.923697,4828.505178,4505.867364,4966.513471
Aruba,11638.73371,21023.15751,25609.95572,26515.67808,26942.30798,28421.38649,28451.27374,29326.70806,30220.59452,31650.76054,24487.86356,29342.10086
Australia,18249.70948,21853.78167,68044.71482,68158.57974,62513.41122,56710.44572,49875.56514,53936.14025,57207.87151,54941.43418,51720.37076,60443.10916
Austria,21680.98962,24625.60072,48564.91734,50731.12725,51786.37717,44195.81759,45307.58786,47429.15846,51466.55656,50070.40335,48809.22688,53637.70571
Azerbaijan,1234.530889,655.1199452,7496.294648,7875.756953,7891.313147,5500.310382,3880.738731,4147.089716,4739.84171,4805.753718,4229.910649,5387.997975
"Bahamas, The",11696.51137,24849.60648,28059.6554,27389.60197,28720.66219,30206.24043,29887.16488,30969.8762,31738.26716,32610.48505,23862.71099,27478.38963
Bahrain,8174.797232,12738.77412,25102.72635,25790.73031,25464.7601,22795.44886,22867.18112,24349.90987,25415.84662,25869.11291,23501.91946,26562.96914
Bangladesh,294.9046567,413.1001853,876.8175451,973.7733926,1108.5151,1236.00506,1659.961605,1815.609426,1963.411855,2122.078851,2233.305524,2457.92488
Barbados,7772.808757,11560.2459,16691.33264,16893.60627,16924.19034,16990.21947,17343.72544,17843.19793,18224.89059,19002.96238,16643.80658,17225.4623
Belarus,2124.767944,1276.288034,6953.132515,7998.125239,8341.399679,5967.052204,5039.681886,5785.670673,6360.062473,6837.717826,6542.797491,7302.257794
Belgium,20600.37528,23098.88651,44670.56068,46757.95186,47764.07151,41008.29672,42012.62272,44198.48239,47544.98115,46638.68131,45517.79493,51247.01435
Belize,3009.491262,4642.147035,5645.895822,5887.933435,6068.088609,6142.478833,6148.706961,6100.994681,6059.162553,6210.565543,5266.87616,6228.267309
Benin,381.8050394,502.9979648,1112.569535,1214.295566,1251.504765,1041.652523,1049.820303,1095.274459,1194.438214,1170.965533,1237.949295,1319.154995
Bermuda,26841.51974,56284.16865,98431.86518,99471.6389,98467.68399,102005.6256,106885.8785,111820.5815,113050.7369,116153.1661,107791.8864,114090.3283
Bhutan,515.1084338,722.8525714,2470.073677,2409.441856,2589.899754,2695.638773,2879.547121,3240.704766,3210.706269,3303.964211,3009.924171,3266.364905
Bolivia,685.9427177,977.336056,2562.466784,2853.797162,3022.462884,2975.648811,3013.502708,3280.008213,3471.006951,3472.380831,3068.812555,3345.196589
Bosnia and Herzegovina,..,1332.122365,4688.376623,5025.074597,5196.8608,4599.901029,4858.775926,5255.807058,5936.101502,6011.370671,6012.062767,7143.310548
Botswana,2825.673142,3351.696517,6393.008265,6436.60945,6844.020288,5869.732943,6411.527159,6705.351862,6947.800812,6679.167674,5863.203241,6805.221274
Brazil,2592.627166,3726.81142,12327.31744,12258.50317,12071.15821,8783.225984,8680.768792,9896.684783,9121.083403,8845.259118,6794.489159,7507.160971
British Virgin Islands,..,..,..,..,..,..,..,..,..,..,..,..
Brunei Darussalam,13440.91401,17971.50658,46842.96026,43948.85117,41037.07265,30681.67944,26762.94565,28186.80303,31241.45396,30748.73749,27179.41199,31449.07656
Bulgaria,2366.529821,1621.243018,7432.478766,7681.93462,7901.785876,7074.681023,7569.478815,8366.293221,9446.717094,9879.334343,10129.81296,12221.49661
Burkina Faso,339.6318076,249.8020676,733.9729342,762.3038171,767.3713907,632.1266837,665.7863455,711.1846047,779.2027097,772.1668949,833.2443426,893.0771558
Burundi,206.4449283,138.0046172,238.2059494,241.5476708,257.8185519,289.3596333,242.0656705,243.1358094,231.4464765,216.9729681,216.8267413,221.4776762
Cabo Verde,841.8054143,1176.707258,3262.647058,3427.177172,3405.933447,2891.884482,2978.19942,3132.621798,3442.742003,3434.562745,2924.101807,3293.233054
Cambodia,..,301.5165985,950.4825446,1015.220881,1098.074538,1170.742816,1281.105964,1400.89926,1533.315985,1671.385385,1577.911747,1625.23502
Cameroon,1077.333497,700.1632136,1433.724035,1559.139125,1631.714084,1399.675331,1426.065517,1479.862349,1594.05999,1538.687947,1539.130559,1666.932734
Canada,21448.36196,24271.00206,52669.08996,52635.17496,50955.99832,43596.13554,42315.60371,45129.4293,46548.63841,46328.67184,43258.26387,51987.93905
Cayman Islands,..,..,75468.85344,75688.08215,76613.40655,77298.62806,78861.11927,81258.03776,85234.84272,89871.91314,83329.45877,86568.76964
Central African Republic,512.8508564,243.8775801,525.8675432,352.226872,394.856957,351.8797536,372.1354655,414.7402866,435.9322636,426.4087626,435.4692516,461.1374902
Chad,298.3670792,168.1176528,969.6162149,980.083592,1017.787824,774.4116005,691.9800949,662.89753,720.265047,701.6212166,643.7722213,685.6902841
Channel Islands,..,44316.15359,..,..,..,..,..,..,..,..,..,..
Chile,2481.766875,5097.114937,15406.49294,15833.2752,14666.34353,13569.9478,13785.68833,15045.52768,15795.70846,14631.94688,13094.45953,16265.09598
China,317.884673,959.3724836,6300.615118,7020.338485,7636.116601,8016.431435,8094.363367,8816.986905,9905.342004,10143.8382,10408.66976,12556.33312
Colombia,1467.547436,2547.143528,8101.829092,8264.126896,8164.714495,6228.426299,5938.463856,6450.319585,6782.03792,6438.060183,5307.215228,6104.136709
Comoros,996.5279836,654.1804099,1483.95138,1595.989896,1608.687864,1322.936695,1357.266263,1414.586566,1531.337972,1510.797358,1519.586823,1577.471027
"Congo, Dem. Rep.",259.8055972,392.6263338,412.7762682,444.864361,472.266227,482.0645483,456.0279312,451.0890984,546.2125939,575.8827908,524.6666754,577.2092152
"Congo, Rep.",1173.264436,1029.960689,3753.861207,3719.651217,3622.530293,2347.818499,1970.250249,2088.500117,2512.383979,2288.808138,1838.448139,2290.382891
Costa Rica,1808.495959,3773.033793,9971.650902,10633.26725,10737.67888,11529.95453,11899.81326,12118.13341,12383.14997,12669.34107,12132.87688,12472.44373
Cote d'Ivoire,906.4114731,986.7773209,1649.301739,1903.054321,2124.019559,1941.566336,1980.878142,2076.148,2275.49595,2238.811005,2288.119498,2549.041297
Croatia,..,4880.568982,13443.13523,13871.3299,13784.47836,11952.31118,12552.25538,13655.81594,15244.43105,15331.88305,14198.75396,17685.32528
Cuba,2695.614865,2752.203783,6467.337914,6814.243844,7117.52691,7683.757891,8055.889907,8543.360968,8831.907222,9139.415856,9499.590202,..
Curacao,..,..,19886.67837,19762.73962,19552.66055,19260.26985,18881.83062,18788.80728,18956.09797,19024.17715,16109.86175,17717.59648
Cyprus,9641.575195,14388.34766,28993.34961,27799.11914,27245.36523,23487.125,24715.73047,26697.17188,29418.93555,29417.13867,28036.18945,31551.81641
Czechia,3941.503094,6029.038193,19870.80121,20133.16914,19890.91991,17829.69832,18575.23203,20636.19995,23424.48046,23664.84786,22992.87938,26821.24523
Denmark,26891.44645,30743.54768,58507.50805,61191.1937,62548.98473,53254.85637,54663.99837,57610.09818,61591.92887,59592.98069,60915.4244,68007.75667
Djibouti,783.6958542,742.8656972,1418.460858,2102.197948,2239.114538,2409.311902,2545.738799,2655.73322,2755.838293,2876.043664,2917.996281,3150.436729
Dominica,2899.060601,4879.149773,7054.875977,7240.679119,7498.917522,7724.042411,8223.04145,7408.091301,7833.195013,8561.587011,7003.469891,7653.17187
Dominican Republic,992.2389642,2845.839167,6049.471741,6171.29557,6533.66686,6838.936594,7191.076572,7513.491343,7947.158207,8173.338007,7167.919159,8476.752157
Ecuador,1458.326872,1451.530885,5678.455721,6050.354611,6374.631486,6130.586676,6079.088736,6246.404252,6321.349401,6233.258167,5645.19929,5965.132871
"Egypt, Arab Rep.",751.1874902,1398.859831,3059.135428,3088.890834,3196.861381,3370.382447,3331.612461,2315.896627,2407.086543,2869.576588,3398.801432,3698.834981
El Salvador,897.5929821,1977.840614,3471.051269,3555.1621,3638.517658,3761.51368,3870.312982,3986.049014,4145.862351,4280.288404,3903.395839,4551.184661
Equatorial Guinea,240.8326654,1527.056378,18756.42642,17644.59516,16804.92595,9788.983771,8035.30787,8410.39725,8719.186217,7317.390189,6327.599012,7506.667523
Eritrea,..,295.196924,..,..,..,..,..,..,..,..,..,..
Estonia,..,4070.609024,17403.20533,19056.00192,20261.06673,17402.03761,18295.34293,20437.76538,23165.84948,23424.48471,23595.24368,27943.70122
Eswatini,1305.256125,1686.664337,4396.562519,4111.109647,3928.506828,3583.31129,3339.992899,3824.046783,4020.27305,3843.377391,3372.895601,3978.403528
Ethiopia,254.2952546,122.9622935,458.5509208,490.791804,557.5341484,630.3126821,705.616305,755.7517677,758.2990596,840.4494515,918.6525941,925.077428
Faroe Islands,..,23370.90099,50156.85097,55560.25174,60125.77212,52726.74224,56834.06851,59328.17477,62576.98993,63383.19615,61980.29002,69010.3098
Fiji,1713.189885,2015.881172,4359.77535,4586.897921,5305.190923,5105.262627,5368.42324,5825.129207,6073.336388,5968.300559,4864.117047,4646.612723
Finland,28364.64508,24345.91482,47708.06128,49892.22336,50327.24029,42801.90812,43814.02651,46412.13648,49987.62616,48629.85823,49170.75215,53654.7503
France,21865.55525,22416.42542,40870.85236,42602.71797,43068.54872,36652.92231,37062.53357,38781.04949,41557.85486,40494.89829,39055.28293,43658.97898
French Polynesia,15728.7188,14346.19048,19864.53805,20941.52223,21223.08376,18252.51997,18726.64225,19743.95491,20614.89886,20023.5047,18910.38013,19914.60351
Gabon,6055.060248,3991.157022,9348.515572,9250.081564,9255.368597,7090.45461,6722.198393,6975.695793,7694.906045,7523.862278,6680.08267,8635.325694
"Gambia, The",304.7073786,544.6220259,686.5582854,647.3853005,561.6491232,611.6713342,640.6766789,632.0011462,683.3243631,722.8747931,704.029916,772.1523951
Georgia,1614.640122,749.908535,4421.818242,4623.745725,4739.188338,4014.185944,4062.169888,4357.000936,4722.042423,4696.150586,4255.742993,5023.27438
Germany,22303.96133,23694.76048,43855.85447,46298.92292,48023.86998,41103.25644,42136.12079,44652.58917,47939.27829,46793.68676,46772.82535,51203.55447
Ghana,381.2508376,253.3891282,1536.591848,2282.349905,1942.9051,1711.290666,1900.405937,1998.73798,2180.04157,2167.911589,2176.579459,2363.299296
Gibraltar,..,..,..,..,..,..,..,..,..,..,..,..
Greece,9600.185235,12072.92936,21912.99829,21787.78776,21616.71001,18083.87791,17923.96681,18582.08934,19756.99046,19144.28439,17658.9473,20192.5963
Greenland,18326.80512,19004.10729,45936.76595,47535.58995,50484.92757,44536.40131,48181.87419,50766.59942,54545.29998,53256.24409,54571.20916,..
Grenada,2807.745444,4840.684064,6900.771786,7205.268384,7726.409657,8379.621847,8849.513535,9309.230667,9574.279873,9887.920742,8437.566732,9010.572245
Guam,..,..,31642.14626,32318.8909,33483.94144,34522.37793,35052.80791,35663.02504,35902.7259,37752.63308,34780.86166,35904.86355
Guatemala,845.3069621,1664.298958,3355.036919,3522.773706,3779.642336,3994.636913,4173.301666,4454.04815,4485.731255,4647.693347,4604.576679,5025.542291
Guinea,419.6867849,359.2866735,707.9676808,757.6922692,774.569037,756.4255941,720.4732536,843.4642789,944.4172662,1043.899882,1073.659337,1189.175999
Guinea-Bissau,250.5898464,301.4955612,598.5726713,616.1599585,605.1225831,585.9570106,642.6664064,718.2457991,781.6443091,730.6114487,710.2581385,795.1185693
Guyana,530.8175214,938.893298,5461.390967,5576.24931,5495.376197,5668.429765,5905.380196,6220.978568,6094.908859,6477.296726,6863.074346,9998.544311
Haiti,447.0962904,814.9993042,1356.172882,1452.312144,1453.917477,1404.155214,1305.571297,1384.038372,1494.224962,1324.844005,1283.14083,1829.593044
Honduras,974.2294838,1079.607485,2107.350831,2064.548406,2164.420219,2257.222712,2295.538079,2403.304451,2457.688921,2519.370194,2354.119614,2771.717461
"Hong Kong SAR, China",13485.54489,25756.66378,36730.8767,38403.77771,40315.28556,42431.88828,43733.91636,46160.42979,48537.56689,48356.0635,46107.76528,49800.54241
Hungary,..,4624.281657,12984.83657,13715.07036,14294.25842,12717.0386,13104.69955,14621.2396,16425.1013,16782.95246,16120.98905,18728.12189
Iceland,25384.91502,32096.37226,45995.54788,49804.983,54576.74481,52951.68151,61987.92636,72010.14903,74461.48,68853.71522,59200.17794,68727.63666
India,368.7497594,442.0347789,1434.018198,1438.05748,1559.864518,1590.173918,1714.280355,1957.968841,1974.377788,2047.232704,1910.421473,2256.590409
Indonesia,582.6789678,770.8653516,3668.21207,3602.885517,3476.624853,3322.581688,3558.818852,3839.785069,3902.661668,4151.227543,3894.272202,4332.709281
"Iran, Islamic Rep.",2237.052261,1672.022877,8329.002044,6280.681858,5757.543337,4990.936798,5497.243227,5758.59072,3873.99534,3277.875596,2746.42045,4091.209187
Iraq,10216.56881,1963.722839,6437.503076,6612.902252,6215.986033,4416.943049,4305.202702,4725.193573,5601.467061,5621.181695,4332.304125,4775.377454
Ireland,14031.30257,26334.56721,49054.69743,51546.35476,55643.05943,62053.98444,62895.91112,69970.94891,79250.38785,80927.07467,85420.19086,100172.0793
Isle of Man,..,20693.83817,79332.27156,83199.61956,91885.60779,84759.34595,82045.43884,83507.79761,89429.65459,87157.47146,..,..
Israel,..,21630.74761,33156.22832,36941.84236,38259.6811,36206.52222,37690.47395,41114.78171,42406.84543,44452.23256,44846.7916,52170.71186
Italy,20825.78422,20137.59122,35051.52127,35560.08141,35565.72138,30242.38614,30960.73151,32406.72032,34622.16967,33673.75096,31911.03579,35657.49756
Jamaica,1919.802037,3447.303896,5365.242293,5143.721312,4991.565519,5077.550622,5022.704717,5273.150744,5594.493935,5626.171177,4897.265897,5183.581305
Japan,25371.46417,39169.35957,49145.28043,40898.6479,38475.39525,34960.63938,39375.47316,38834.05293,39727.1166,40458.00188,39918.16756,39312.66037
Jordan,1195.247447,1673.358125,4386.461816,4477.618326,4255.89431,4064.253016,4003.404749,4073.116404,4146.407296,4205.563654,4042.76935,4103.258966
Kazakhstan,1647.463243,1229.001247,12386.69927,13890.63096,12807.26069,10510.77189,7714.841844,9247.581331,9812.626371,9812.595808,9121.637138,10373.78979
Kenya,370.100147,411.8215792,1289.780822,1376.828869,1489.919111,1496.652856,1562.076142,1675.973916,1845.78294,1970.105143,1936.424589,2081.799855
Kiribati,571.4798924,757.1451422,1698.920883,1628.710205,1546.830177,1459.133021,1506.246679,1563.550457,1605.01365,1432.178985,1430.551574,1606.462514
"Korea, Dem. People's Rep.",..,..,..,..,..,..,..,..,..,..,..,..
"Korea, Rep.",6610.036508,12256.99357,25466.76052,27182.73431,29249.57522,28732.23108,29288.87044,31616.8434,33436.92306,31902.4169,31721.29891,34997.78164
Kosovo,..,..,3410.85978,3704.784221,3902.676013,3520.766449,3759.560246,4009.380987,4384.048892,4416.108358,4310.811183,5269.783901
Kuwait,11002.06562,19490.83816,51277.66211,47760.94413,43234.82142,29310.52211,27029.99778,29263.08965,32007.52354,30667.34822,24300.32944,..
Kyrgyz Republic,609.1728912,279.6195693,1177.974735,1282.437162,1279.769783,1121.082835,1120.666513,1242.769643,1308.140165,1374.032105,1182.5217,1276.700365
Lao PDR,200.6191428,318.7709228,1566.009745,1815.440236,1984.50867,2125.459057,2309.049076,2439.463355,2553.361866,2598.505523,2593.355097,2535.623432
Latvia,..,3361.640869,13847.33794,15007.49186,15742.39134,13786.4568,14331.75159,15695.11515,17865.03109,17945.22222,18207.13964,21148.16294
Lebanon,789.8503921,3994.861144,8500.180563,8255.209211,7665.379692,7802.751368,8172.299476,8679.897422,9225.845155,8985.572499,5599.957523,4136.146347
Lesotho,331.5264587,443.9517409,1205.860003,1141.361038,1165.045935,1113.871328,986.2659867,1062.712512,1161.7271,1102.56487,989.8471707,1094.098185
Liberia,..,301.8764697,644.4555767,717.6357533,713.7348824,699.6629469,722.1312268,706.892692,700.0370394,665.8784476,597.5296919,675.6631858
Libya,6821.324551,7424.202916,15764.91545,12589.44875,9408.767832,7867.571893,7944.827076,10529.26744,11838.00962,10542.14929,7568.042011,6357.19555
Liechtenstein,49416.52145,75212.04817,149459.2353,173660.1612,179457.9179,167805.9569,165844.9854,170874.2938,175283.6318,167019.6181,157754.9544,..
Lithuania,..,3293.229979,14367.70942,15729.65247,16551.0182,14263.96458,15008.31324,16885.40739,19186.35959,19595.14157,20339.52127,23723.34025
Luxembourg,33465.47821,48659.59888,112584.6763,120000.1407,123678.7021,105462.0126,106899.2935,110193.2138,116786.5117,112621.8213,117370.4969,133590.147
"Macao SAR, China",9269.639392,15684.77955,74111.26726,86852.98784,90873.93244,73220.26876,71918.73108,78985.64214,84923.38678,83183.16661,37646.3162,43873.59116
Madagascar,330.8435253,285.4664563,504.1737301,526.6880118,517.1361761,455.6380397,464.6161535,503.4980587,512.5439846,512.2796597,462.4042237,500.511032
Malawi,197.1527885,155.2628413,386.906541,344.3967712,367.0242697,376.2462048,312.1427971,500.1655472,537.9322041,584.3628673,628.699482,634.8356601
Malaysia,2513.218167,4087.562593,10601.51389,10727.69966,11045.44513,9699.584021,9555.651202,9979.800841,11074.06409,11132.02393,10160.78325,11109.26184
Maldives,955.9336667,2209.988231,7447.432572,8222.563389,8872.124925,9434.331078,9640.324009,10062.98312,10823.63669,11118.55654,7282.358489,10366.29336
Mali,299.8216159,263.4983842,753.3921936,778.7970906,818.4303911,723.5042025,750.0518281,795.682733,856.3565318,840.175765,822.906144,873.7948624
Malta,7191.923603,11083.0128,22527.75911,24770.93408,26754.26233,24921.579,25624.46364,28823.52512,31567.94224,31198.24145,28977.56557,33486.67198
Marshall Islands,1704.258692,2127.240705,3445.315403,3611.699642,3672.680934,3703.649059,4153.117176,4507.622862,4769.190459,5188.971114,5567.972727,6172.145065
Mauritania,751.1934824,660.3047731,1850.384968,1929.773521,1715.388838,1562.725248,1579.198554,1634.643606,1749.954236,1839.96445,1868.466574,2166.046799
Mauritius,2506.179312,3929.075495,9291.227619,9766.756465,10368.61343,9509.934655,9967.881736,10844.03633,11645.98198,11405.72682,9007.419102,9106.237202
Mexico,3196.918925,7232.878809,10376.05767,10865.6802,11076.09245,9753.380048,8875.062256,9434.386487,9857.028829,10145.17018,8655.000682,10045.6805
"Micronesia, Fed. Sts.",1492.855187,2088.209544,3023.585446,2920.700863,2928.448782,2891.322103,3022.653627,3320.354976,3623.329337,3699.081514,3639.412699,3571.336769
Moldova,..,440.538684,3044.808478,3321.043917,3327.786775,2731.065584,2879.391291,3509.64734,4232.206888,4493.370303,4500.624464,5230.661733
Monaco,81813.31577,81561.24591,165505.1781,185066.5781,195780.0069,170337.9244,174610.637,173612.8646,194280.8221,199377.4818,182538.6383,234315.4605
Mongolia,1184.762914,463.8538819,4402.304523,4422.300876,4211.939454,3919.351148,3690.756716,3708.248223,4165.022739,4394.947147,4041.174196,4566.140154
Montenegro,..,1627.072633,6586.721279,7189.293287,7388.147794,6517.163752,7033.604899,7803.411137,8850.092733,8909.653336,7677.152226,9465.703999
Morocco,1219.430664,1348.049805,2907.449219,3117.515137,3430.549561,3139.243652,3132.94458,3288.502197,3492.67334,3498.573975,3258.121338,3795.380127
Mozambique,..,318.3426885,667.7174243,672.2042363,680.3750335,594.2265335,430.9931688,462.7001369,504.53589,508.1636746,449.9552098,491.8391128
Myanmar,50.7829482,150.4078289,1161.305962,1195.9378,1238.72871,1224.562343,1161.861778,1175.202557,1274.915657,1295.201448,1477.45287,1209.926942
Namibia,2037.927013,2156.098944,6017.157069,5463.017361,5544.097423,4965.68086,4614.881721,5453.570622,5687.399093,5126.176144,4251.172766,4865.557765
Nauru,..,..,9280.658894,9210.009692,9566.21254,7736.223636,8719.366526,9361.383343,10400.98907,9786.026526,9307.886768,10648.14139
Nepal,184.9237558,223.7118919,794.0927699,809.3846006,827.744346,882.3074488,880.2244881,1027.965486,1161.534374,1185.682675,1139.190277,1208.218534
Netherlands,21290.86038,26214.49855,50070.1416,52198.89756,52900.53742,45193.40322,46039.10593,48675.22234,53044.53244,52476.27325,52162.57012,57767.87881
New Caledonia,14800.79125,16039.17388,37294.02726,38503.26306,39675.58194,32428.58249,32286.91529,33874.92376,36312.72787,34797.51866,34800.75951,37159.54677
New Zealand,13663.02162,13641.10272,39973.38076,42976.64959,44572.89875,38630.72659,40058.19616,42924.9956,43250.44097,42865.23364,41596.5055,48781.02663
Nicaragua,238.7650098,996.897852,1746.425626,1794.786575,1913.521348,2025.324776,2079.448266,2127.280585,1981.85912,1890.273065,1863.109257,2045.535402
Niger,419.6038769,192.8777195,525.047324,548.1578755,560.7545092,481.1112995,497.0361334,514.5433128,567.3308067,550.9635555,564.8220018,590.6294548
Nigeria,567.5179022,565.3043172,2728.022683,2976.756736,3200.953146,2679.554765,2144.779938,1941.879485,2125.834282,2204.181574,2074.613928,2065.749068
North Macedonia,2299.044329,1861.898065,4728.308142,5241.058345,5495.735049,4861.553971,5149.589074,5450.492881,6108.740108,6070.388054,5965.450232,6694.641126
Northern Mariana Islands,..,..,14247.7893,14806.00679,16044.43073,17665.10075,24054.91561,30751.64107,25882.63359,23707.32881,..,..
Norway,28242.94374,38131.46061,101524.1419,102913.4508,97019.18275,74355.51586,70460.56053,75496.75406,82267.80932,75719.7529,67329.67779,89154.27609
Oman,6475.41707,8321.393867,24722.63882,23563.9406,23121.20638,18777.43306,17082.2062,17802.57512,19887.57431,19132.15227,16707.62301,19509.46646
Pakistan,346.6685155,531.3064961,1109.679115,1126.041261,1173.392454,1282.443153,1468.821421,1567.640986,1620.742857,1437.165907,1322.315036,1505.010193
Palau,..,7416.480787,11835.38393,12418.82617,13580.00674,15761.36338,16743.37674,16011.66115,15948.27586,15567.09087,14016.2475,12083.88815
Panama,2626.14328,4099.00654,10767.29318,11932.28622,12837.24796,13669.55944,14382.23238,15185.97248,15588.33733,15826.08235,12569.17154,14617.60448
Papua New Guinea,833.053995,639.2791999,2653.153909,2578.510135,2742.233338,2502.084291,2332.69748,2495.131383,2584.298769,2593.80465,2446.066306,2672.94579
Paraguay,1431.8392,1728.340743,5617.104918,6410.814703,6629.416993,5861.401895,5759.042198,6136.058301,6242.961454,5807.838794,5353.348065,5891.499965
Peru,1194.548302,1941.31826,6475.68607,6697.185268,6614.933339,6180.194957,6163.791026,6676.284221,6912.110297,6955.809959,6056.343903,6621.574336
Philippines,820.4871803,1073.263222,2671.777205,2847.566937,2935.925556,2974.299531,3038.149734,3077.43564,3194.674521,3413.847924,3224.422551,3460.530963
Poland,1731.209531,4501.454067,13010.92339,13558.41406,14182.1375,12560.05142,12378.75944,13815.6218,15504.58048,15699.91135,15816.9894,17999.90995
Portugal,7884.617988,11526.37207,20563.7136,21653.19598,22103.70097,19250.10654,19991.97249,21490.42986,23562.55452,23330.81729,22242.40642,24567.50927
Puerto Rico,8652.507492,16192.12697,27944.73389,28513.16574,28981.45733,29763.4883,30627.1634,31108.76057,31615.06679,32916.8668,31393.90737,32640.71034
Qatar,16664.83143,27494.77133,98041.36224,97630.82552,93126.14946,66984.9102,58467.23557,59407.69805,66264.08117,62637.27511,52315.66008,66838.35743
Romania,1680.705623,1659.90764,8930.729912,9497.25499,10031.26727,8976.880535,9404.341874,10727.94969,12494.47747,12958.07556,13047.43206,14858.22943
Russian Federation,3492.710205,1771.594116,15420.875,15974.64453,14095.64844,9313.013672,8704.898438,10720.33301,11287.36035,11536.25098,10169.08691,12194.77734
Rwanda,348.387822,254.9423708,705.7597558,704.0562899,724.3521744,733.4411218,728.43449,756.5476411,769.4373107,806.8799811,774.6892594,822.3479886
Samoa,747.7808483,1406.765683,3902.391701,3989.860174,3948.801128,4048.513876,4105.834468,4261.653789,4188.988532,4308.272753,4042.751224,3857.318464
San Marino,..,37473.78698,48435.94253,50438.39002,50135.48458,42281.64347,43399.4583,44885.79714,48462.96032,47287.39839,45320.20872,..
Sao Tome and Principe,..,..,1319.900833,1551.192905,1754.600471,1571.49854,1688.375303,1805.524651,1950.629352,1991.738264,2161.310196,2360.543554
Saudi Arabia,7349.704073,8795.261339,23878.58529,23716.26062,23543.56634,19977.79469,19300.05001,20138.14633,23318.73817,22430.23823,19539.56581,23185.87079
Senegal,980.7545188,619.6421035,1334.726015,1391.532257,1417.095074,1238.126396,1290.750004,1385.199333,1484.239673,1462.354333,1490.203137,1636.893209
Serbia,..,914.7857199,6015.945228,6755.073675,6600.056809,5588.980728,5765.200762,6292.543629,7252.401858,7417.203649,7733.802869,9230.178316
Seychelles,5302.843727,7578.851053,11998.4472,14764.93927,15188.22876,15157.53029,15740.13032,16416.77619,16910.68818,17253.50566,12808.98747,14653.30939
Sierra Leone,150.1934224,138.7139416,560.0373997,706.452664,702.3353794,576.7402317,490.3705888,484.4464498,519.6500156,506.6068944,493.4787775,480.0392113
Singapore,11861.75616,23852.32703,55546.48854,56967.42579,57562.53079,55646.61875,56860.41324,61150.7272,66859.33834,65831.18943,60729.45035,72794.00302
Sint Maarten (Dutch part),..,..,28460.33262,27942.88054,33043.68838,32274.89055,31616.6817,29369.05683,28988.25921,..,..,..
Slovak Republic,2405.53516,5426.624281,17498.3539,18276.00955,18719.98814,16390.88217,16563.4405,17585.197,19486.39368,19383.48104,19545.74282,21391.92533
Slovenia,..,10201.30354,22641.80512,23503.28249,24247.17332,20890.16643,21678.35947,23514.02546,26123.74713,26016.07868,25545.241,29291.40062
Solomon Islands,662.8527486,976.4342171,2087.518739,2208.095867,2235.747344,2134.802451,2196.270903,2283.576156,2450.484428,2398.772757,2222.465636,2304.844567
Somalia,131.023239,..,..,356.1179025,377.5573872,387.6079944,387.1866816,377.349072,379.9860027,405.7867633,416.2177747,446.9815596
South Africa,3160.878365,3241.674475,8173.869138,7441.230854,6965.137897,6204.929901,5735.066787,6734.475153,7048.522211,6688.787271,5741.643129,7055.044776
South Sudan,..,..,1114.923723,1659.140787,1245.149311,1071.777765,..,..,..,..,..,..
Spain,13804.87679,14749.68742,28322.94659,29077.18206,29513.65118,25754.36103,26537.15949,28185.32137,30379.72111,29581.51855,26959.67544,30103.51373
Sri Lanka,463.6187388,869.696285,3449.066903,3740.616792,3971.918675,4060.131785,4150.934408,4401.056075,4360.583634,4082.69462,3893.841515,4013.687657
St. Kitts and Nevis,5346.472568,9275.989746,17311.61878,18325.96578,19945.47017,20025.96235,21095.25404,22160.44861,22547.91799,23219.33142,18566.09559,18082.61019
St. Lucia,4073.264627,5846.975502,9271.659491,9569.122192,10007.14688,10290.37891,10574.38891,11270.47161,11563.83747,11726.76977,8458.162761,9414.226231
St. Martin (French part),..,..,..,..,21920.83919,..,..,..,..,..,..,..
St. Vincent and the Grenadines,2136.839516,3760.080457,6754.370184,7117.554763,7210.616623,7386.737595,7684.779208,8030.585057,8399.694011,8674.371009,8335.256476,8666.387041
Sudan,1301.819092,378.1611633,1797.379761,1834.545898,2075.989014,2226.421631,2614.300293,3188.75,769.8691406,748.0109253,608.3325195,751.8213501
Suriname,940.9917724,1978.446611,8922.956186,9124.541093,9199.177893,8907.751222,5705.426967,6112.851175,6730.846883,6690.044786,4796.533314,4869.134226
Sweden,30593.67244,29624.91267,58037.82132,61126.9432,60020.36046,51545.48361,51965.15715,53791.50873,54589.06039,51939.42974,52837.90398,61028.73806
Switzerland,39574.53981,38865.02194,85836.20768,87304.33058,88724.99094,83806.4476,82153.07454,82254.37693,85217.36915,84121.93103,85656.32267,91991.60046
Syrian Arab Republic,1926.384607,4941.852597,1910.604526,993.7398831,1071.234204,857.4978675,664.3416723,862.3190638,1104.392448,1116.679246,533.3852317,..
Tajikistan,485.7580213,137.1786057,959.361905,1038.327981,1094.422736,970.3652238,801.3912831,844.3693648,850.6685075,889.0202624,852.3336702,897.0475103
Tanzania,167.1445618,399.4511414,854.5432129,955.2189331,1012.766907,928.8064575,942.4729614,976.2122192,1010.937622,1052.021729,1042.09668,1099.287598
Thailand,1545.274687,2004.107209,5748.631241,6041.12746,5822.383699,5708.796925,5854.461088,6436.791746,7124.564544,7630.03961,6990.935503,7066.190546
Timor-Leste,..,417.9241996,1019.964868,1201.423581,1221.53427,1322.300913,1347.926336,1283.52585,1239.366122,1584.263844,1660.30834,2741.393931
Togo,420.1366828,297.8994971,559.1904856,608.1503504,627.7094023,559.4457465,787.2801816,814.4199071,883.8678323,875.9326592,897.1945754,973.2061291
Tonga,1150.281297,1996.52654,4378.654196,4208.122358,4125.436835,4117.960717,3978.356954,4367.302044,4649.57939,4879.017342,4606.064552,4426.000637
Trinidad and Tobago,4001.522284,6120.942704,18961.23359,19821.52865,20327.98346,18389.53103,15991.10879,16094.66678,16164.16133,15690.9631,13871.79822,16032.50277
Tunisia,1456.224489,2170.481751,4233.894568,4308.22693,4398.573922,3960.97533,3796.16792,3569.755725,3577.124412,3477.883777,3497.68141,3807.13915
Turkiye,2773.652478,4278.39313,11697.48051,12507.59451,12020.58264,10851.95413,10734.37997,10464.1014,9400.778214,9103.043375,8561.070948,9661.235975
Turkmenistan,856.9514881,635.7143118,6441.886618,7049.797505,7685.509859,6208.296655,6163.253406,6354.53283,6721.34954,7344.648233,..,..
Turks and Caicos Islands,..,..,22666.40691,22451.56873,24040.87466,25783.2941,26995.03216,25659.19586,26831.97146,27795.14856,20882.26127,20908.5827
Tuvalu,961.0594359,1564.039376,3624.988042,3537.048335,3556.261118,3384.357776,3836.112926,4175.993524,4401.131201,4949.173888,4973.774561,5632.002993
Uganda,244.754047,257.8296057,796.711135,819.7578809,897.5097424,864.1800623,753.6844086,766.1776058,793.1280811,823.1389505,846.7672013,883.8920323
Ukraine,1568.536621,658.3486328,4004.804443,4187.739746,3104.643311,2124.662354,2187.730469,2638.326172,3096.561768,3661.456299,3751.740723,4835.571777
United Arab Emirates,26682.84981,31855.5006,44386.78608,45729.60768,46865.9646,41525.1389,41054.53957,43063.96748,46722.26872,45376.17084,37629.17417,44315.55418
United Kingdom,19095.467,28290.9725,42485.58607,43449.09172,47447.58893,45071.07432,41146.07736,40621.33448,43306.3083,42747.08046,40318.55757,46510.28278
United States,23888.60001,36329.95607,51784.41857,53291.12769,55123.84979,56762.72945,57866.74493,59907.75426,62823.30944,65120.39466,63530.63348,70248.629
Uruguay,2983.254365,6932.47355,15206.87262,17015.13476,16875.50619,15655.937,16766.42526,18769.78752,18825.28381,17859.9315,15619.54266,17313.18835
Uzbekistan,651.4192061,558.2268024,2267.623275,2419.718703,2628.460008,2753.971072,2704.677188,1916.764642,1597.068337,1784.009816,1749.655815,1983.064723
Vanuatu,1119.280015,1416.197367,2906.342461,2877.444528,2861.202182,2643.886085,2757.203306,3032.197958,3076.835315,3076.589886,2877.520173,2996.621062
"Venezuela, RB",2460.60207,4795.399668,12937.9276,12433.98079,15975.72938,..,..,..,..,..,..,..
Vietnam,96.71929574,394.5831366,2190.232284,2367.499539,2558.778924,2595.234979,2760.717105,2992.071742,3267.225009,3491.091274,3586.347302,3756.489121
Virgin Islands (U.S.),..,..,37795.31926,34597.97669,33045.36438,34007.35294,35324.97489,35365.0693,36653.86305,38596.03071,39552.1686,..
West Bank and Gaza,..,1476.17185,3067.438727,3315.297539,3352.112595,3272.154324,3527.613824,3620.360487,3562.330943,3656.858271,3233.568638,3663.969055
"Yemen, Rep.",422.2107022,518.1486727,1349.990295,1497.747941,1557.601406,1488.416482,1069.817122,893.7165729,701.7148778,..,..,..
Zambia,427.4064535,364.0312943,1729.647471,1840.320553,1724.57622,1307.909649,1249.923143,1495.752138,1475.204538,1268.120941,956.8313639,1137.343633
Zimbabwe,868.4901749,565.2843897,1290.193956,1408.36781,1407.034293,1410.329174,1421.787789,1192.107012,2269.177012,1421.868596,1372.696674,1773.920411
Africa Eastern and Southern,817.148591,706.9920615,1760.216229,1731.795976,1719.80919,1540.850354,1432.111827,1613.788555,1550.180567,1500.229274,1353.76916,1537.336021
Africa Western and Central,589.158849,520.7865838,1953.407033,2149.295219,2243.271464,1876.623483,1645.023767,1585.91193,1731.311792,1749.303317,1683.436391,1757.030626
Arab World,2850.818507,2842.619272,7327.268826,7307.373017,7276.428999,6245.787785,6062.681557,6132.428354,6474.29534,6384.390492,5544.630918,6266.359916
Caribbean small states,2995.969535,5246.595612,10417.9382,10542.78615,10711.77911,10473.83445,9781.008816,10075.83072,10353.11645,10429.33204,8851.424959,10063.6913
Central Europe and the Baltics,2314.257103,3949.137595,13075.72899,13662.24109,14132.76797,12520.33649,12781.93211,14224.85778,16086.31826,16358.47415,16293.80003,18751.02651
Early-demographic dividend,911.3206692,1354.979261,3346.10889,3344.655796,3411.096711,3199.519646,3257.901212,3472.697624,3467.178198,3489.131061,3214.580805,3702.692786
East Asia & Pacific,2605.908501,4089.051612,9435.961663,9468.439894,9694.448785,9586.901027,9854.946329,10452.71904,11310.49888,11482.53168,11475.46251,13041.78119
East Asia & Pacific (excluding high income),416.7695401,954.6574188,5376.041081,5882.272406,6291.464864,6501.868829,6591.282343,7149.207647,7944.551234,8169.167837,8262.479253,9771.648206
East Asia & Pacific (IDA & IBRD countries),421.6313923,965.6697618,5436.750237,5948.440949,6362.011869,6574.564656,6664.796033,7228.762666,8032.798909,8259.795605,8354.065182,9880.09607
Euro area,18903.28296,20215.55369,37594.92275,39119.97733,39913.12512,34388.81001,35164.06706,37157.11326,40045.56602,39182.54834,38159.72991,42450.15377
Europe & Central Asia,10522.88867,11666.83285,25090.21598,26086.27231,26316.59931,22556.57364,22379.64835,23643.40045,25243.79473,24870.26199,23984.27873,27152.47123
Europe & Central Asia (excluding high income),2467.884248,1788.427329,10208.46535,10750.45007,9890.461057,7458.335046,7044.336289,7864.645065,7994.780168,8129.886017,7441.465307,8758.938553
Europe & Central Asia (IDA & IBRD countries),2383.554528,2051.850147,10421.18833,10962.46635,10294.98687,7993.440052,7640.691289,8532.434867,8870.39705,9019.717374,8423.196002,9842.052265
European Union,15461.04894,16947.59566,33170.5131,34564.11568,35278.80769,30484.52789,31175.15052,33089.22846,35751.21997,35079.46915,34330.36653,38411.06278
Fragile and conflict affected situations,1141.832132,858.5533867,2307.624198,2338.125255,2423.836896,1893.119417,1735.310519,1795.56953,1847.0764,1874.072016,1705.626499,1784.734325
Heavily indebted poor countries (HIPC),449.9456457,370.9637032,906.5851401,981.0037191,1012.26718,955.0072656,973.8349715,1049.988817,972.5576407,978.7939702,958.6740521,1035.892553
High income,18488.93496,25208.19982,41493.91585,41764.53623,42419.54493,39819.18787,40441.43896,42081.11098,44527.61041,44723.92894,43415.67668,48225.24121
IBRD only,1028.890774,1463.132234,5571.16912,5814.995929,5949.805668,5517.283336,5507.232725,6023.292324,6352.347013,6435.953319,6149.370601,7221.406351
IDA & IBRD total,912.4180668,1253.734737,4516.675707,4711.294434,4822.014271,4472.230729,4454.585672,4837.052381,5074.964137,5124.48713,4887.269611,5682.466677
IDA blend,514.373933,557.3761309,1833.192454,1953.690169,2083.183745,1930.460187,1818.404972,1751.50761,1874.947566,1827.168474,1719.895065,1842.771049
IDA only,396.2879719,455.596662,925.9546027,983.1487613,1027.806918,1010.960962,1064.965744,1145.340848,1115.492791,1149.25489,1143.306896,1216.372989
IDA total,435.4200554,489.1932065,1234.41034,1312.943936,1386.123244,1322.641096,1319.699038,1349.766617,1371.081822,1376.908798,1336.564883,1426.028713
Late-demographic dividend,1061.856825,1664.67802,7988.690473,8541.232473,8812.261816,8213.123373,8183.327047,9021.965927,9839.4686,9979.254112,9706.843103,11465.85777
Latin America & Caribbean,2508.663429,4398.050238,10217.2777,10357.16561,10451.52527,8645.270953,8363.65857,9201.46648,8916.089485,8707.187368,7289.957037,8327.60519
Latin America & Caribbean (excluding high income),2426.888755,4198.972646,9686.90536,9834.53013,9775.567348,8223.39455,7909.628222,8729.183063,8384.845373,8181.622747,6789.39265,7728.033309
Latin America & the Caribbean (IDA & IBRD countries),2434.353375,4310.641224,10144.34458,10280.42372,10369.91805,8497.455941,8199.168618,9050.943468,8754.293268,8526.265783,7081.447046,8108.91587
Least developed countries: UN classification,354.256876,328.1379149,946.225641,1006.738673,1056.017619,998.5999093,1013.255037,1104.768798,1063.336227,1090.003286,1082.592407,1150.030148
Low & middle income,883.18939,1186.30345,4339.404766,4532.579112,4626.475638,4329.539892,4311.917946,4678.539247,4898.945053,4950.734179,4722.094864,5491.92212
Low income,453.497001,476.9333947,773.2919125,774.1018076,806.6130075,778.1358089,751.6942892,819.6388854,686.582604,704.491274,669.6593059,704.5087865
Lower middle income,519.6282748,618.1402083,2115.538587,2118.638431,2176.236751,2088.220787,2169.419723,2297.949456,2323.931742,2386.488589,2268.982746,2572.705144
Middle East & North Africa,3144.369928,3271.482947,8759.651288,8433.603049,8321.76577,7183.074513,7111.156241,7251.827736,7476.772457,7338.014016,6490.436968,7562.825078
Middle East & North Africa (excluding high income),2216.07177,1873.954658,4929.641609,4445.600648,4317.813096,3805.684009,3832.818509,3739.153088,3491.192578,3439.304335,3091.588262,3565.239343
Middle East & North Africa (IDA & IBRD countries),2215.442483,1878.091589,4950.681663,4458.427725,4328.807203,3811.777672,3836.31969,3740.519986,3490.367204,3436.75972,3089.912688,3564.066025
Middle income,917.1259131,1248.929269,4716.359075,4934.979442,5040.8028,4720.150396,4709.368042,5116.240783,5384.002157,5448.65078,5206.168295,6074.084921
North America,23645.61431,35151.3296,51881.17089,53234.1501,54714.47093,55452.42138,56312.43488,58423.88588,61174.77734,63198.70132,61451.97615,68369.66279
Not classified,..,..,..,..,..,..,..,..,..,..,..,..
OECD members,17017.73385,23026.09771,37238.62736,37492.02939,38000.94309,35599.08004,36049.37851,37403.38787,39348.31436,39531.66035,38326.8576,42446.85932
Other small states,3057.694252,4275.743529,14983.36506,15301.16205,15443.89338,12502.09538,12087.12239,12894.07583,14062.50398,13540.40029,11683.18606,13878.81484
Pacific island small states,1325.659284,1687.738586,3482.423714,3584.582822,3853.595137,3724.591674,3867.741699,4128.474923,4283.741566,4233.413675,3707.310581,3643.845437
Post-demographic dividend,19060.32815,25861,42286.91724,42520.79685,43165.55148,40638.37581,41369.93372,42968.44781,45382.30693,45700.93813,44474.54975,49223.59503
Pre-demographic dividend,942.5195153,501.4584267,1704.427151,1814.841474,1871.195465,1552.545033,1378.604214,1428.320258,1447.042673,1455.60148,1331.076064,1411.45927
Small states,2920.509717,4312.750677,13379.80995,13662.87375,13836.88053,11585.64515,11163.9733,11854.01603,12808.19088,12427.57674,10702.96169,12588.92779
South Asia,356.627267,447.9502325,1347.918095,1364.83101,1475.727029,1523.697807,1675.575511,1887.92183,1920.208396,1962.802875,1852.300088,2149.821595
South Asia (IDA & IBRD),356.627267,447.9502325,1347.918095,1364.83101,1475.727029,1523.697807,1675.575511,1887.92183,1920.208396,1962.802875,1852.300088,2149.821595
Sub-Saharan Africa,723.8959593,630.311753,1838.309335,1901.053868,1931.995644,1676.894219,1518.368969,1602.491571,1623.575743,1601.121764,1487.259153,1626.277926
Sub-Saharan Africa (excluding high income),723.2783157,629.4655267,1837.344364,1899.84226,1930.761634,1675.645616,1517.06936,1601.156865,1622.221534,1599.759186,1486.29081,1625.183118
Sub-Saharan Africa (IDA & IBRD countries),723.8959593,630.311753,1838.309335,1901.053868,1931.995644,1676.894219,1518.368969,1602.491571,1623.575743,1601.121764,1487.259153,1626.277926
Upper middle income,1335.202051,1967.787974,8021.73367,8538.428766,8730.059934,8132.28571,8025.2348,8820.949493,9435.780828,9534.005113,9157.820016,10828.05069
World,4304.097258,5507.46287,10573.06453,10735.26132,10896.2156,10153.78077,10205.8488,10741.48551,11284.18325,11319.75411,10881.7037,12234.7968
